payer_account_id,usage_account_id,service,service_code,region,usage_start,usage_end,usage_amount,unit,cost,currency,resource_id,project,owner,environment
123456789015,123456789013,AWS CodePipeline,AmazonRedshift,ap-southeast-1,2024-05-25T00:00:00,2024-05-26T00:00:00,22.83,Requests,336.7,USD,resource-5699,DevOps Automation,alice@company.com,Production
123456789013,123456789014,Amazon EC2,AmazonDynamoDB,ap-southeast-1,2024-03-01T00:00:00,2024-03-01T19:00:00,581.73,IOPS,496.64,USD,resource-4347,Data Platform,eve@company.com,Development
123456789013,123456789012,AWS Glue,AmazonDynamoDB,us-east-1,2026-02-20T00:00:00,2026-02-20T01:00:00,449.02,GB-Month,311.55,USD,resource-4019,Data Platform,frank@company.com,Staging
123456789013,123456789015,Amazon DynamoDB,AmazonVPC,us-east-1,2025-06-05T00:00:00,2025-06-05T07:00:00,407.81,GBps,291.15,USD,resource-1027,DevOps Automation,frank@company.com,Testing
123456789013,123456789013,Amazon VPC,AmazonS3,us-east-1,2024-08-14T00:00:00,2024-08-14T05:00:00,90.32,IOPS,292.52,USD,resource-1804,Project Zeta,bob@company.com,Development
123456789013,123456789014,AWS CodePipeline,AmazonCloudFront,ap-southeast-1,2025-08-16T00:00:00,2025-08-16T10:00:00,531.35,IOPS,76.97,USD,resource-4657,Data Platform,alice@company.com,Testing
123456789013,123456789013,Amazon S3,AmazonVPC,us-east-1,2025-03-28T00:00:00,2025-03-28T21:00:00,252.67,IOPS,50.24,USD,resource-2739,Cloud Migration,eve@company.com,Development
123456789014,123456789013,AWS Glue,AWSGlue,eu-west-1,2025-05-16T00:00:00,2025-05-16T10:00:00,417.19,GB,216.38,USD,resource-8869,Cloud Migration,charlie@company.com,Staging
123456789012,123456789013,AWS Lambda,AmazonS3,us-west-2,2025-10-20T00:00:00,2025-10-20T14:00:00,773.42,Requests,250.92,USD,resource-8071,Data Platform,charlie@company.com,Staging
123456789013,123456789012,Amazon CloudFront,AWSCodePipeline,ap-southeast-1,2024-04-11T00:00:00,2024-04-11T05:00:00,706.28,IOPS,224.66,USD,resource-8032,Project Beta,diana@company.com,Staging
123456789015,123456789012,AWS CodePipeline,AmazonRDS,eu-west-1,2025-12-09T00:00:00,2025-12-09T13:00:00,318.37,Requests,128.13,USD,resource-4974,Project Delta,charlie@company.com,Production
123456789013,123456789014,Amazon VPC,AWSCodePipeline,us-east-1,2025-04-11T00:00:00,2025-04-11T02:00:00,580.03,Requests,43.43,USD,resource-5247,Project Epsilon,frank@company.com,Production
123456789015,123456789014,Amazon CloudFront,AWSCodePipeline,eu-west-1,2026-05-31T00:00:00,2026-05-31T05:00:00,55.55,Requests,319.42,USD,resource-5338,Project Alpha,bob@company.com,Production
123456789012,123456789013,AWS Glue,AmazonDynamoDB,us-east-1,2024-08-01T00:00:00,2024-08-01T05:00:00,836.34,GB,390.61,USD,resource-2912,Cloud Migration,alice@company.com,Testing
123456789013,123456789013,Amazon EC2,AmazonVPC,eu-west-1,2025-04-01T00:00:00,2025-04-01T16:00:00,260.72,GB,458.16,USD,resource-2177,Project Alpha,bob@company.com,Testing
123456789014,123456789015,AWS CodePipeline,AmazonEC2,ap-southeast-1,2024-06-13T00:00:00,2024-06-13T19:00:00,389.11,GBps,82.24,USD,resource-2070,Project Epsilon,alice@company.com,Testing
123456789015,123456789015,AWS CodePipeline,AmazonS3,ap-southeast-1,2026-03-22T00:00:00,2026-03-22T08:00:00,887.53,Requests,83.69,USD,resource-7080,Project Delta,frank@company.com,Development
123456789014,123456789013,Amazon Redshift,AWSGlue,eu-west-1,2025-04-27T00:00:00,2025-04-27T13:00:00,606.86,IOPS,43.51,USD,resource-7216,Project Alpha,eve@company.com,Production
123456789012,123456789014,Amazon S3,AmazonRDS,us-east-1,2025-04-08T00:00:00,2025-04-08T18:00:00,227.03,GB-Month,209.86,USD,resource-4790,Data Platform,frank@company.com,Testing
123456789012,123456789014,AWS Glue,AmazonRDS,eu-west-1,2024-10-17T00:00:00,2024-10-17T03:00:00,683.32,Hours,214.94,USD,resource-9361,Project Epsilon,diana@company.com,Staging
123456789015,123456789013,AWS Lambda,AmazonRedshift,us-west-2,2025-03-13T00:00:00,2025-03-13T06:00:00,832.14,Requests,122.01,USD,resource-7085,Project Gamma,diana@company.com,Production
123456789014,123456789014,AWS Glue,AmazonRDS,us-west-2,2024-10-01T00:00:00,2024-10-01T23:00:00,292.08,Requests,382.99,USD,resource-2469,DevOps Automation,charlie@company.com,Testing
123456789012,123456789013,AWS Glue,AWSLambda,ap-southeast-1,2026-04-03T00:00:00,2026-04-03T03:00:00,657.94,Requests,301.11,USD,resource-1775,Project Beta,alice@company.com,Production
123456789012,123456789012,Amazon S3,AmazonVPC,eu-west-1,2024-01-15T00:00:00,2024-01-15T08:00:00,484.29,Hours,147.68,USD,resource-9376,Project Delta,bob@company.com,Staging
123456789012,123456789015,Amazon EC2,AmazonVPC,us-west-2,2025-10-31T00:00:00,2025-11-01T00:00:00,579.44,GB-Month,406.29,USD,resource-2086,Project Alpha,alice@company.com,Production
123456789014,123456789012,Amazon S3,AmazonVPC,eu-west-1,2025-08-10T00:00:00,2025-08-10T06:00:00,180.46,GBps,384.27,USD,resource-2808,Project Gamma,alice@company.com,Testing
123456789012,123456789015,Amazon DynamoDB,AmazonRedshift,us-east-1,2025-04-19T00:00:00,2025-04-19T18:00:00,90.37,GB-Month,394.61,USD,resource-6258,Project Beta,charlie@company.com,Production
123456789014,123456789012,Amazon Redshift,AWSGlue,us-west-2,2025-11-19T00:00:00,2025-11-19T03:00:00,925.68,GB-Month,272.14,USD,resource-3044,Project Epsilon,eve@company.com,Production
123456789014,123456789015,Amazon Redshift,AWSGlue,ap-southeast-1,2025-05-24T00:00:00,2025-05-24T04:00:00,940.86,Requests,5.52,USD,resource-8589,Project Delta,charlie@company.com,Development
123456789012,123456789012,Amazon RDS,AmazonVPC,us-east-1,2025-09-11T00:00:00,2025-09-11T05:00:00,218.32,Requests,37.18,USD,resource-6834,Analytics Hub,frank@company.com,Development
123456789013,123456789015,Amazon Redshift,AmazonRedshift,us-east-1,2026-04-16T00:00:00,2026-04-16T06:00:00,578.03,GB-Month,73.25,USD,resource-2814,DevOps Automation,eve@company.com,Development
123456789015,123456789015,AWS Glue,AmazonS3,us-west-2,2025-09-22T00:00:00,2025-09-22T08:00:00,311.1,Requests,196.21,USD,resource-6074,Data Platform,eve@company.com,Production
123456789015,123456789012,Amazon S3,AmazonVPC,us-west-2,2024-07-20T00:00:00,2024-07-20T19:00:00,888.33,GB,208.37,USD,resource-3132,Project Delta,alice@company.com,Testing
123456789015,123456789012,Amazon VPC,AWSLambda,ap-southeast-1,2025-07-01T00:00:00,2025-07-01T20:00:00,118.69,GB-Month,456.94,USD,resource-1977,Data Platform,diana@company.com,Staging
123456789012,123456789013,AWS Glue,AWSLambda,us-east-1,2024-10-01T00:00:00,2024-10-01T15:00:00,181.93,GB-Month,128.23,USD,resource-3607,Project Gamma,bob@company.com,Production
123456789012,123456789014,Amazon VPC,AWSGlue,us-west-2,2024-03-30T00:00:00,2024-03-30T17:00:00,53.22,GB-Month,166.25,USD,resource-9382,Data Platform,diana@company.com,Development
123456789014,123456789015,Amazon VPC,AmazonDynamoDB,ap-southeast-1,2024-01-18T00:00:00,2024-01-18T13:00:00,374.61,Hours,114.06,USD,resource-7741,Data Platform,eve@company.com,Testing
123456789014,123456789015,AWS Glue,AmazonRDS,us-west-2,2025-12-31T00:00:00,2025-12-31T18:00:00,606.67,GBps,402.88,USD,resource-6760,Project Zeta,alice@company.com,Development
123456789014,123456789012,Amazon S3,AmazonCloudFront,us-east-1,2025-09-08T00:00:00,2025-09-08T19:00:00,773.53,Hours,281.99,USD,resource-5089,DevOps Automation,alice@company.com,Production
123456789012,123456789015,Amazon RDS,AWSGlue,ap-southeast-1,2024-12-30T00:00:00,2024-12-30T08:00:00,116.56,GB,456.38,USD,resource-2611,DevOps Automation,alice@company.com,Staging
123456789014,123456789014,Amazon VPC,AWSLambda,us-west-2,2026-06-20T00:00:00,2026-06-20T18:00:00,201.6,GB-Month,158.32,USD,resource-6371,Project Epsilon,bob@company.com,Production
123456789013,123456789012,AWS Glue,AmazonEC2,us-west-2,2025-10-06T00:00:00,2025-10-06T04:00:00,646.07,GB-Month,203.87,USD,resource-8013,Cloud Migration,alice@company.com,Development
123456789014,123456789013,AWS CodePipeline,AmazonEC2,ap-southeast-1,2024-08-20T00:00:00,2024-08-20T20:00:00,165.84,IOPS,403.87,USD,resource-3399,Project Delta,diana@company.com,Production
123456789014,123456789012,AWS Glue,AmazonVPC,us-west-2,2024-11-29T00:00:00,2024-11-29T05:00:00,201.5,IOPS,289.07,USD,resource-7053,Project Gamma,alice@company.com,Development
123456789012,123456789013,AWS Glue,AmazonVPC,us-west-2,2024-05-09T00:00:00,2024-05-09T17:00:00,605.62,GB-Month,136.25,USD,resource-3353,Project Delta,eve@company.com,Production
123456789014,123456789014,AWS Lambda,AmazonRDS,ap-southeast-1,2024-01-15T00:00:00,2024-01-15T16:00:00,775.69,GB-Month,29.66,USD,resource-7727,Data Platform,frank@company.com,Production
123456789012,123456789013,Amazon Redshift,AmazonVPC,us-east-1,2024-05-28T00:00:00,2024-05-28T21:00:00,60.19,Requests,17.46,USD,resource-7054,Analytics Hub,alice@company.com,Staging
123456789015,123456789013,Amazon CloudFront,AmazonS3,eu-west-1,2025-09-29T00:00:00,2025-09-29T16:00:00,841.02,GB-Month,207.13,USD,resource-8548,DevOps Automation,frank@company.com,Testing
123456789012,123456789014,AWS Glue,AmazonVPC,us-east-1,2025-01-31T00:00:00,2025-01-31T06:00:00,193.2,GB,48.48,USD,resource-3558,Project Beta,diana@company.com,Development
123456789012,123456789014,Amazon CloudFront,AmazonCloudFront,us-west-2,2024-04-29T00:00:00,2024-04-29T23:00:00,911.48,Requests,140.09,USD,resource-1076,Project Gamma,eve@company.com,Production
123456789013,123456789015,AWS Lambda,AmazonVPC,ap-southeast-1,2025-06-27T00:00:00,2025-06-27T15:00:00,410.81,Requests,162.17,USD,resource-6916,Project Epsilon,eve@company.com,Production
123456789013,123456789012,Amazon CloudFront,AWSLambda,eu-west-1,2025-06-26T00:00:00,2025-06-26T17:00:00,988.58,GB,47.7,USD,resource-3594,Cloud Migration,frank@company.com,Production
123456789014,123456789015,AWS CodePipeline,AmazonDynamoDB,ap-southeast-1,2024-01-31T00:00:00,2024-01-31T18:00:00,297.02,IOPS,120.6,USD,resource-5150,Project Delta,alice@company.com,Development
123456789013,123456789015,Amazon RDS,AWSLambda,ap-southeast-1,2024-08-27T00:00:00,2024-08-27T18:00:00,739.1,GB-Month,87.23,USD,resource-6168,Data Platform,frank@company.com,Staging
123456789014,123456789015,Amazon RDS,AmazonVPC,eu-west-1,2024-01-31T00:00:00,2024-01-31T10:00:00,605.69,IOPS,242.78,USD,resource-6235,Analytics Hub,eve@company.com,Staging
123456789013,123456789014,Amazon RDS,AmazonRedshift,us-east-1,2025-04-03T00:00:00,2025-04-03T03:00:00,406.81,IOPS,376.9,USD,resource-7447,Project Delta,alice@company.com,Development
123456789013,123456789012,AWS Glue,AmazonRDS,ap-southeast-1,2024-07-22T00:00:00,2024-07-22T20:00:00,107.91,IOPS,470.38,USD,resource-1484,Project Delta,frank@company.com,Testing
123456789013,123456789012,Amazon Redshift,AWSLambda,eu-west-1,2024-06-10T00:00:00,2024-06-10T18:00:00,149.1,GB,213.36,USD,resource-4189,Project Zeta,frank@company.com,Testing
123456789013,123456789012,AWS Glue,AmazonVPC,ap-southeast-1,2024-06-23T00:00:00,2024-06-23T12:00:00,294.02,GBps,222.5,USD,resource-1272,Cloud Migration,bob@company.com,Production
123456789013,123456789012,AWS Lambda,AmazonDynamoDB,eu-west-1,2024-11-09T00:00:00,2024-11-09T16:00:00,672.25,Requests,268.8,USD,resource-6515,DevOps Automation,frank@company.com,Staging
123456789012,123456789015,Amazon VPC,AWSGlue,eu-west-1,2026-05-03T00:00:00,2026-05-03T21:00:00,219.03,GB-Month,411.44,USD,resource-8249,Data Platform,charlie@company.com,Production
123456789012,123456789014,Amazon S3,AmazonS3,us-east-1,2025-05-24T00:00:00,2025-05-24T07:00:00,8.84,IOPS,37.55,USD,resource-9518,Cloud Migration,bob@company.com,Staging
123456789013,123456789015,Amazon EC2,AmazonVPC,ap-southeast-1,2024-02-04T00:00:00,2024-02-04T17:00:00,819.01,GBps,278.71,USD,resource-7912,Project Alpha,bob@company.com,Production
123456789012,123456789013,Amazon Redshift,AmazonRedshift,us-west-2,2025-11-29T00:00:00,2025-11-29T07:00:00,319.67,GB-Month,472.81,USD,resource-1891,Analytics Hub,frank@company.com,Testing
123456789014,123456789012,Amazon EC2,AWSGlue,ap-southeast-1,2026-01-05T00:00:00,2026-01-05T15:00:00,645.02,IOPS,78.66,USD,resource-5378,DevOps Automation,frank@company.com,Production
123456789015,123456789012,Amazon EC2,AmazonEC2,ap-southeast-1,2025-02-22T00:00:00,2025-02-22T23:00:00,467.44,Requests,39.46,USD,resource-9673,Project Epsilon,frank@company.com,Production
123456789013,123456789014,Amazon S3,AWSCodePipeline,us-west-2,2024-08-04T00:00:00,2024-08-04T06:00:00,918.74,Requests,456.16,USD,resource-9275,Analytics Hub,diana@company.com,Development
123456789014,123456789012,AWS Glue,AWSGlue,eu-west-1,2024-04-03T00:00:00,2024-04-03T02:00:00,454.65,GB,232.34,USD,resource-6178,Analytics Hub,charlie@company.com,Testing
123456789013,123456789013,Amazon Redshift,AmazonS3,us-east-1,2024-11-25T00:00:00,2024-11-25T23:00:00,158.27,Requests,467.37,USD,resource-4279,Cloud Migration,frank@company.com,Testing
123456789015,123456789012,Amazon S3,AmazonS3,eu-west-1,2024-01-19T00:00:00,2024-01-19T13:00:00,736.87,Requests,285.03,USD,resource-5677,Data Platform,eve@company.com,Production
123456789015,123456789013,Amazon RDS,AmazonVPC,ap-southeast-1,2026-01-24T00:00:00,2026-01-24T03:00:00,565.02,Hours,140.64,USD,resource-1827,Project Alpha,alice@company.com,Staging
123456789014,123456789012,Amazon DynamoDB,AmazonCloudFront,eu-west-1,2025-03-03T00:00:00,2025-03-03T02:00:00,410.15,GB,429.89,USD,resource-9288,DevOps Automation,alice@company.com,Testing
123456789012,123456789015,Amazon CloudFront,AWSCodePipeline,ap-southeast-1,2025-07-14T00:00:00,2025-07-14T10:00:00,377.36,IOPS,310.72,USD,resource-4866,Data Platform,alice@company.com,Staging
123456789013,123456789012,AWS Glue,AmazonEC2,us-west-2,2026-02-13T00:00:00,2026-02-13T04:00:00,788.28,GB-Month,33.25,USD,resource-4189,Project Zeta,alice@company.com,Testing
123456789014,123456789012,Amazon RDS,AmazonS3,us-west-2,2024-02-09T00:00:00,2024-02-09T22:00:00,737.73,IOPS,56.33,USD,resource-6992,Data Platform,eve@company.com,Staging
123456789014,123456789013,Amazon Redshift,AmazonRedshift,ap-southeast-1,2025-05-23T00:00:00,2025-05-23T23:00:00,882.58,Hours,342.66,USD,resource-7374,DevOps Automation,frank@company.com,Staging
123456789014,123456789015,Amazon CloudFront,AmazonDynamoDB,us-east-1,2025-01-18T00:00:00,2025-01-18T18:00:00,110.57,GBps,409.67,USD,resource-9935,Project Zeta,alice@company.com,Testing
123456789013,123456789014,Amazon Redshift,AmazonRDS,us-west-2,2024-02-12T00:00:00,2024-02-13T00:00:00,807.12,GB,351.79,USD,resource-4978,DevOps Automation,eve@company.com,Staging
123456789012,123456789014,AWS Glue,AmazonRedshift,us-east-1,2026-06-02T00:00:00,2026-06-02T13:00:00,602.14,GBps,91.71,USD,resource-3284,Project Gamma,diana@company.com,Staging
123456789015,123456789014,Amazon CloudFront,AmazonDynamoDB,ap-southeast-1,2025-02-01T00:00:00,2025-02-01T04:00:00,704.39,GBps,161.78,USD,resource-8317,DevOps Automation,frank@company.com,Production
123456789015,123456789014,Amazon Redshift,AWSCodePipeline,us-east-1,2025-06-03T00:00:00,2025-06-03T22:00:00,565.17,GB,338.22,USD,resource-7806,DevOps Automation,eve@company.com,Development
123456789012,123456789015,Amazon S3,AWSLambda,us-east-1,2024-12-31T00:00:00,2024-12-31T01:00:00,104.38,GB-Month,367.9,USD,resource-8289,Cloud Migration,bob@company.com,Production
123456789012,123456789013,Amazon Redshift,AmazonDynamoDB,us-east-1,2026-03-30T00:00:00,2026-03-30T11:00:00,547.58,GB-Month,237.31,USD,resource-4957,Cloud Migration,bob@company.com,Testing
123456789013,123456789013,AWS Glue,AmazonEC2,eu-west-1,2025-05-10T00:00:00,2025-05-10T16:00:00,881.25,GB-Month,78.88,USD,resource-2869,Project Delta,alice@company.com,Staging
123456789013,123456789013,AWS CodePipeline,AmazonCloudFront,ap-southeast-1,2024-12-25T00:00:00,2024-12-26T00:00:00,289.74,GB-Month,137.35,USD,resource-8107,DevOps Automation,frank@company.com,Staging
123456789014,123456789015,AWS Glue,AWSLambda,us-west-2,2024-11-23T00:00:00,2024-11-23T23:00:00,566.25,Requests,137.73,USD,resource-2724,Analytics Hub,bob@company.com,Production
123456789015,123456789013,Amazon CloudFront,AWSCodePipeline,us-west-2,2024-10-04T00:00:00,2024-10-04T07:00:00,860.57,Hours,462.83,USD,resource-1812,Project Alpha,eve@company.com,Development
123456789014,123456789013,AWS Lambda,AWSCodePipeline,us-west-2,2025-06-08T00:00:00,2025-06-08T11:00:00,419.41,Hours,49.39,USD,resource-5771,Project Delta,diana@company.com,Production
123456789013,123456789013,AWS Glue,AWSCodePipeline,eu-west-1,2024-02-23T00:00:00,2024-02-23T01:00:00,839.64,GB,180.07,USD,resource-7396,Project Alpha,frank@company.com,Testing
123456789014,123456789012,Amazon DynamoDB,AmazonDynamoDB,us-west-2,2025-07-24T00:00:00,2025-07-24T20:00:00,912.75,GBps,385.9,USD,resource-6392,DevOps Automation,bob@company.com,Development
123456789015,123456789015,Amazon CloudFront,AWSLambda,eu-west-1,2024-08-15T00:00:00,2024-08-15T12:00:00,833.68,Hours,482.18,USD,resource-5726,Project Gamma,charlie@company.com,Production
123456789012,123456789012,Amazon Redshift,AmazonDynamoDB,ap-southeast-1,2026-02-26T00:00:00,2026-02-26T12:00:00,237.9,Hours,170.65,USD,resource-3062,Cloud Migration,bob@company.com,Development
123456789012,123456789013,Amazon S3,AmazonVPC,us-east-1,2026-03-17T00:00:00,2026-03-17T07:00:00,153.37,GB,238.66,USD,resource-1203,Analytics Hub,eve@company.com,Staging
123456789012,123456789013,AWS Glue,AmazonRedshift,us-west-2,2025-06-01T00:00:00,2025-06-01T10:00:00,439.99,GB-Month,356.05,USD,resource-3896,DevOps Automation,alice@company.com,Testing
123456789014,123456789012,Amazon DynamoDB,AWSGlue,us-west-2,2024-07-29T00:00:00,2024-07-29T04:00:00,779.86,GBps,30.17,USD,resource-1906,Project Beta,bob@company.com,Staging
123456789013,123456789013,Amazon EC2,AWSCodePipeline,ap-southeast-1,2026-05-30T00:00:00,2026-05-30T05:00:00,225.35,IOPS,374.66,USD,resource-6873,Project Epsilon,diana@company.com,Testing
123456789012,123456789015,AWS Glue,AmazonVPC,us-east-1,2024-05-05T00:00:00,2024-05-05T04:00:00,440.25,Requests,182.21,USD,resource-3863,Cloud Migration,diana@company.com,Production
123456789015,123456789013,Amazon S3,AWSCodePipeline,ap-southeast-1,2025-09-12T00:00:00,2025-09-12T06:00:00,894.92,Hours,411.78,USD,resource-2863,Project Epsilon,eve@company.com,Production
123456789012,123456789013,Amazon RDS,AmazonRedshift,eu-west-1,2026-03-22T00:00:00,2026-03-22T05:00:00,31.0,IOPS,174.22,USD,resource-5298,Data Platform,frank@company.com,Development
123456789014,123456789012,Amazon DynamoDB,AmazonVPC,eu-west-1,2025-02-23T00:00:00,2025-02-23T07:00:00,778.5,Hours,151.66,USD,resource-9934,Project Zeta,alice@company.com,Testing
123456789015,123456789014,AWS CodePipeline,AmazonCloudFront,us-east-1,2025-04-26T00:00:00,2025-04-26T14:00:00,164.6,Hours,368.21,USD,resource-1432,Analytics Hub,charlie@company.com,Development
123456789012,123456789014,Amazon S3,AmazonDynamoDB,us-west-2,2025-01-10T00:00:00,2025-01-10T16:00:00,604.35,GB-Month,370.72,USD,resource-9769,Analytics Hub,charlie@company.com,Staging
123456789014,123456789013,AWS CodePipeline,AWSLambda,us-east-1,2025-11-27T00:00:00,2025-11-27T14:00:00,13.37,Requests,173.22,USD,resource-7089,Project Epsilon,eve@company.com,Staging
123456789013,123456789015,AWS Lambda,AmazonVPC,us-west-2,2025-03-26T00:00:00,2025-03-26T23:00:00,722.78,GB-Month,16.53,USD,resource-2402,Cloud Migration,frank@company.com,Production
123456789012,123456789014,Amazon CloudFront,AWSGlue,us-west-2,2025-08-26T00:00:00,2025-08-26T15:00:00,453.87,IOPS,446.34,USD,resource-7134,Data Platform,eve@company.com,Development
123456789015,123456789012,Amazon S3,AWSCodePipeline,us-west-2,2026-05-20T00:00:00,2026-05-20T14:00:00,641.23,Requests,294.98,USD,resource-2124,Data Platform,bob@company.com,Development
123456789013,123456789014,Amazon S3,AWSLambda,eu-west-1,2024-01-08T00:00:00,2024-01-08T16:00:00,817.36,GB,15.8,USD,resource-6006,Project Delta,alice@company.com,Development
123456789015,123456789013,Amazon VPC,AmazonVPC,eu-west-1,2024-01-12T00:00:00,2024-01-12T07:00:00,670.85,Hours,412.37,USD,resource-3083,DevOps Automation,alice@company.com,Development
123456789012,123456789014,Amazon CloudFront,AmazonRedshift,us-west-2,2025-11-16T00:00:00,2025-11-16T19:00:00,984.01,GBps,88.16,USD,resource-5737,Project Delta,charlie@company.com,Development
123456789014,123456789014,Amazon Redshift,AmazonVPC,us-west-2,2024-07-14T00:00:00,2024-07-14T01:00:00,17.96,GBps,425.43,USD,resource-4552,Cloud Migration,charlie@company.com,Staging
123456789013,123456789015,AWS Glue,AWSGlue,us-west-2,2025-05-03T00:00:00,2025-05-03T05:00:00,958.14,Requests,51.91,USD,resource-7853,Project Delta,eve@company.com,Staging
123456789012,123456789015,Amazon VPC,AWSLambda,us-west-2,2025-06-20T00:00:00,2025-06-20T20:00:00,427.54,Requests,271.06,USD,resource-5637,Project Zeta,alice@company.com,Production
123456789013,123456789013,Amazon RDS,AWSLambda,ap-southeast-1,2025-11-03T00:00:00,2025-11-03T12:00:00,645.8,Hours,411.57,USD,resource-2387,DevOps Automation,diana@company.com,Production
123456789012,123456789015,Amazon EC2,AWSLambda,us-east-1,2024-05-26T00:00:00,2024-05-26T17:00:00,846.25,IOPS,176.41,USD,resource-3510,Project Gamma,alice@company.com,Development
123456789014,123456789014,AWS Lambda,AmazonS3,ap-southeast-1,2026-02-22T00:00:00,2026-02-22T04:00:00,354.64,Hours,141.61,USD,resource-2673,Project Delta,bob@company.com,Production
123456789012,123456789012,Amazon EC2,AmazonEC2,us-east-1,2025-07-17T00:00:00,2025-07-17T01:00:00,663.56,Requests,422.9,USD,resource-6974,Cloud Migration,diana@company.com,Staging
123456789013,123456789012,AWS CodePipeline,AmazonS3,us-west-2,2026-03-26T00:00:00,2026-03-26T12:00:00,193.12,IOPS,477.8,USD,resource-5851,Project Gamma,charlie@company.com,Staging
123456789015,123456789014,Amazon DynamoDB,AmazonS3,us-west-2,2025-01-19T00:00:00,2025-01-19T23:00:00,25.41,IOPS,191.25,USD,resource-4688,Project Epsilon,eve@company.com,Staging
123456789013,123456789014,AWS CodePipeline,AmazonCloudFront,us-east-1,2024-02-23T00:00:00,2024-02-23T02:00:00,69.36,GBps,418.81,USD,resource-4633,Cloud Migration,diana@company.com,Development
123456789012,123456789013,AWS Lambda,AmazonRDS,us-west-2,2025-08-10T00:00:00,2025-08-10T01:00:00,182.82,GBps,129.78,USD,resource-3863,Project Zeta,frank@company.com,Testing
123456789014,123456789014,AWS Lambda,AmazonEC2,eu-west-1,2025-06-03T00:00:00,2025-06-03T20:00:00,501.04,GB-Month,311.65,USD,resource-5100,Data Platform,bob@company.com,Staging
123456789012,123456789012,Amazon CloudFront,AWSCodePipeline,us-west-2,2024-02-13T00:00:00,2024-02-13T22:00:00,282.49,GB,158.36,USD,resource-9243,DevOps Automation,diana@company.com,Development
123456789013,123456789015,Amazon VPC,AmazonEC2,us-west-2,2025-07-05T00:00:00,2025-07-05T01:00:00,962.99,GB,299.29,USD,resource-9787,Analytics Hub,eve@company.com,Production
123456789012,123456789012,Amazon Redshift,AmazonEC2,eu-west-1,2024-04-12T00:00:00,2024-04-12T14:00:00,740.91,IOPS,103.59,USD,resource-6803,Cloud Migration,diana@company.com,Development
123456789013,123456789014,Amazon S3,AmazonRedshift,us-east-1,2025-08-13T00:00:00,2025-08-13T12:00:00,55.89,GBps,318.03,USD,resource-7650,Project Delta,diana@company.com,Staging
123456789015,123456789013,AWS CodePipeline,AmazonCloudFront,us-west-2,2024-10-04T00:00:00,2024-10-04T22:00:00,148.79,GB,156.94,USD,resource-4417,Analytics Hub,charlie@company.com,Staging
123456789014,123456789013,AWS Glue,AmazonEC2,eu-west-1,2024-04-02T00:00:00,2024-04-02T23:00:00,604.93,IOPS,101.75,USD,resource-2215,Project Zeta,charlie@company.com,Staging
123456789012,123456789015,AWS Glue,AWSCodePipeline,us-east-1,2025-05-12T00:00:00,2025-05-12T23:00:00,406.85,GBps,251.46,USD,resource-9716,Analytics Hub,bob@company.com,Testing
123456789012,123456789015,AWS Glue,AmazonCloudFront,us-east-1,2026-03-25T00:00:00,2026-03-25T19:00:00,528.83,Hours,439.43,USD,resource-7628,DevOps Automation,diana@company.com,Staging
123456789013,123456789015,Amazon S3,AmazonVPC,ap-southeast-1,2024-05-23T00:00:00,2024-05-23T22:00:00,223.35,GBps,328.47,USD,resource-7372,Data Platform,bob@company.com,Production
123456789015,123456789015,AWS CodePipeline,AmazonVPC,ap-southeast-1,2024-08-25T00:00:00,2024-08-26T00:00:00,807.47,IOPS,457.65,USD,resource-7709,DevOps Automation,diana@company.com,Development
123456789013,123456789015,AWS CodePipeline,AmazonEC2,eu-west-1,2024-11-19T00:00:00,2024-11-19T10:00:00,205.06,GBps,136.18,USD,resource-9061,Cloud Migration,bob@company.com,Development
123456789014,123456789014,Amazon RDS,AWSLambda,ap-southeast-1,2024-12-20T00:00:00,2024-12-20T13:00:00,176.37,GB,493.85,USD,resource-6323,Data Platform,eve@company.com,Production
123456789015,123456789015,Amazon DynamoDB,AWSCodePipeline,us-west-2,2025-09-23T00:00:00,2025-09-23T21:00:00,109.66,GB,205.33,USD,resource-6128,Project Zeta,charlie@company.com,Production
123456789013,123456789013,Amazon CloudFront,AmazonRedshift,ap-southeast-1,2025-06-28T00:00:00,2025-06-28T19:00:00,189.47,IOPS,281.36,USD,resource-7721,Cloud Migration,diana@company.com,Staging
123456789014,123456789014,AWS Lambda,AWSCodePipeline,us-west-2,2025-07-05T00:00:00,2025-07-05T07:00:00,573.12,GB-Month,34.06,USD,resource-9216,DevOps Automation,bob@company.com,Testing
123456789012,123456789014,Amazon S3,AWSLambda,eu-west-1,2024-08-03T00:00:00,2024-08-03T09:00:00,771.57,GB,382.72,USD,resource-8711,Cloud Migration,bob@company.com,Staging
123456789012,123456789013,Amazon CloudFront,AmazonS3,eu-west-1,2024-03-12T00:00:00,2024-03-12T16:00:00,302.59,GB-Month,234.75,USD,resource-5135,DevOps Automation,eve@company.com,Production
123456789012,123456789014,AWS CodePipeline,AmazonEC2,us-west-2,2026-03-02T00:00:00,2026-03-02T22:00:00,106.33,IOPS,491.85,USD,resource-9826,Data Platform,eve@company.com,Staging
123456789014,123456789012,Amazon EC2,AmazonS3,us-west-2,2025-03-04T00:00:00,2025-03-04T11:00:00,967.47,Hours,379.77,USD,resource-4357,Project Zeta,alice@company.com,Testing
123456789015,123456789012,Amazon Redshift,AmazonRDS,us-west-2,2026-05-24T00:00:00,2026-05-24T16:00:00,713.41,Requests,273.7,USD,resource-7066,DevOps Automation,eve@company.com,Production
123456789012,123456789015,AWS CodePipeline,AWSGlue,us-east-1,2024-04-08T00:00:00,2024-04-08T14:00:00,12.72,IOPS,264.77,USD,resource-4255,Project Alpha,alice@company.com,Testing
123456789012,123456789015,Amazon CloudFront,AmazonCloudFront,us-west-2,2025-07-10T00:00:00,2025-07-10T23:00:00,398.97,GB-Month,388.68,USD,resource-9452,Project Zeta,frank@company.com,Staging
123456789012,123456789013,Amazon CloudFront,AmazonS3,us-west-2,2025-03-07T00:00:00,2025-03-07T04:00:00,884.33,Requests,233.39,USD,resource-4931,Project Epsilon,eve@company.com,Production
123456789015,123456789015,Amazon S3,AmazonS3,us-east-1,2025-12-29T00:00:00,2025-12-29T18:00:00,793.26,GB-Month,177.82,USD,resource-5202,DevOps Automation,alice@company.com,Development
123456789014,123456789014,Amazon Redshift,AWSGlue,us-east-1,2024-09-22T00:00:00,2024-09-22T06:00:00,164.46,GB-Month,387.74,USD,resource-5354,Analytics Hub,eve@company.com,Testing
123456789015,123456789012,AWS CodePipeline,AmazonVPC,eu-west-1,2024-12-25T00:00:00,2024-12-25T01:00:00,935.07,GB-Month,238.04,USD,resource-8280,Project Zeta,diana@company.com,Development
123456789012,123456789014,AWS Glue,AWSLambda,eu-west-1,2025-08-13T00:00:00,2025-08-13T09:00:00,217.59,Hours,497.23,USD,resource-4909,Analytics Hub,charlie@company.com,Testing
123456789012,123456789013,Amazon CloudFront,AmazonCloudFront,ap-southeast-1,2026-05-29T00:00:00,2026-05-29T01:00:00,926.55,Hours,380.88,USD,resource-1142,Cloud Migration,alice@company.com,Staging
123456789012,123456789013,Amazon Redshift,AmazonVPC,us-west-2,2024-07-10T00:00:00,2024-07-10T17:00:00,208.03,Hours,168.72,USD,resource-2756,Cloud Migration,frank@company.com,Staging
123456789013,123456789012,AWS CodePipeline,AmazonRedshift,ap-southeast-1,2026-05-12T00:00:00,2026-05-12T11:00:00,167.19,Hours,305.41,USD,resource-9055,Project Beta,eve@company.com,Staging
123456789012,123456789013,Amazon Redshift,AmazonCloudFront,eu-west-1,2024-03-06T00:00:00,2024-03-06T10:00:00,955.29,Requests,296.66,USD,resource-8424,Analytics Hub,diana@company.com,Development
123456789014,123456789013,Amazon Redshift,AWSLambda,us-west-2,2024-05-09T00:00:00,2024-05-09T19:00:00,57.85,Hours,203.49,USD,resource-8840,Data Platform,frank@company.com,Production
123456789015,123456789015,Amazon Redshift,AWSCodePipeline,us-west-2,2024-10-02T00:00:00,2024-10-02T23:00:00,346.51,Hours,394.09,USD,resource-3267,Project Delta,bob@company.com,Testing
123456789012,123456789014,Amazon VPC,AWSLambda,us-west-2,2025-05-11T00:00:00,2025-05-11T18:00:00,955.62,GBps,119.65,USD,resource-8407,Project Delta,alice@company.com,Staging
123456789012,123456789015,AWS Lambda,AmazonRDS,ap-southeast-1,2025-06-27T00:00:00,2025-06-27T04:00:00,619.91,Requests,464.53,USD,resource-6487,Project Beta,frank@company.com,Staging
123456789014,123456789014,Amazon S3,AWSLambda,eu-west-1,2024-12-22T00:00:00,2024-12-22T09:00:00,328.32,IOPS,460.77,USD,resource-1816,Project Gamma,frank@company.com,Testing
123456789012,123456789013,Amazon EC2,AmazonVPC,us-east-1,2025-02-09T00:00:00,2025-02-09T16:00:00,363.86,Hours,339.34,USD,resource-8275,Cloud Migration,alice@company.com,Staging
123456789015,123456789014,AWS Glue,AmazonDynamoDB,ap-southeast-1,2024-10-03T00:00:00,2024-10-03T04:00:00,686.38,Hours,495.64,USD,resource-1946,DevOps Automation,frank@company.com,Testing
123456789013,123456789014,AWS CodePipeline,AmazonEC2,eu-west-1,2026-04-17T00:00:00,2026-04-17T08:00:00,343.48,Hours,210.22,USD,resource-8525,Cloud Migration,charlie@company.com,Production
123456789013,123456789014,AWS Glue,AmazonDynamoDB,us-west-2,2024-12-30T00:00:00,2024-12-30T12:00:00,75.39,IOPS,260.36,USD,resource-7205,Project Gamma,eve@company.com,Development
123456789012,123456789012,AWS Glue,AmazonRDS,us-west-2,2026-01-19T00:00:00,2026-01-19T21:00:00,57.12,GB,418.88,USD,resource-9732,Project Epsilon,frank@company.com,Development
123456789015,123456789013,Amazon EC2,AmazonRDS,us-west-2,2024-08-23T00:00:00,2024-08-23T18:00:00,311.69,IOPS,441.0,USD,resource-3379,Cloud Migration,frank@company.com,Staging
123456789012,123456789015,Amazon Redshift,AmazonVPC,us-east-1,2024-08-09T00:00:00,2024-08-09T16:00:00,701.19,Hours,88.6,USD,resource-9765,Project Epsilon,frank@company.com,Testing
123456789015,123456789014,Amazon RDS,AWSGlue,us-west-2,2025-05-04T00:00:00,2025-05-04T01:00:00,484.65,GB,449.01,USD,resource-5976,Project Zeta,eve@company.com,Staging
123456789014,123456789012,Amazon Redshift,AmazonRDS,eu-west-1,2024-05-12T00:00:00,2024-05-12T21:00:00,9.66,Requests,486.17,USD,resource-7771,Project Zeta,bob@company.com,Production
123456789013,123456789012,Amazon Redshift,AWSCodePipeline,us-east-1,2024-01-17T00:00:00,2024-01-17T03:00:00,792.41,GBps,270.97,USD,resource-3543,Data Platform,bob@company.com,Production
123456789012,123456789015,Amazon DynamoDB,AWSGlue,us-east-1,2025-08-04T00:00:00,2025-08-04T01:00:00,488.4,GB-Month,56.06,USD,resource-9007,Project Beta,bob@company.com,Staging
123456789015,123456789013,Amazon CloudFront,AmazonRDS,eu-west-1,2024-12-27T00:00:00,2024-12-27T18:00:00,575.82,Hours,381.76,USD,resource-4998,Project Delta,diana@company.com,Staging
123456789013,123456789012,Amazon CloudFront,AWSCodePipeline,us-west-2,2025-04-19T00:00:00,2025-04-19T21:00:00,597.94,IOPS,171.43,USD,resource-2251,Project Gamma,bob@company.com,Production
123456789015,123456789015,Amazon Redshift,AmazonEC2,eu-west-1,2024-02-19T00:00:00,2024-02-19T12:00:00,789.34,Hours,436.46,USD,resource-6448,Data Platform,alice@company.com,Production
123456789013,123456789013,Amazon S3,AmazonVPC,us-west-2,2025-11-02T00:00:00,2025-11-02T08:00:00,273.43,GBps,314.95,USD,resource-6500,Data Platform,bob@company.com,Testing
123456789014,123456789014,Amazon S3,AWSCodePipeline,us-east-1,2025-08-18T00:00:00,2025-08-18T10:00:00,860.8,Hours,206.89,USD,resource-2471,Project Zeta,frank@company.com,Testing
123456789015,123456789015,Amazon Redshift,AmazonDynamoDB,us-west-2,2025-01-02T00:00:00,2025-01-02T07:00:00,428.26,GB,257.74,USD,resource-8215,DevOps Automation,eve@company.com,Production
123456789013,123456789014,Amazon EC2,AmazonS3,ap-southeast-1,2024-12-24T00:00:00,2024-12-24T07:00:00,904.75,Hours,102.0,USD,resource-5655,Project Zeta,bob@company.com,Testing
123456789012,123456789013,Amazon S3,AmazonRDS,eu-west-1,2025-02-07T00:00:00,2025-02-07T10:00:00,190.24,IOPS,473.7,USD,resource-6483,Project Alpha,bob@company.com,Development
123456789015,123456789013,Amazon DynamoDB,AmazonRedshift,us-west-2,2026-04-10T00:00:00,2026-04-10T02:00:00,776.3,GB,291.21,USD,resource-9780,Project Gamma,diana@company.com,Staging
123456789012,123456789014,Amazon Redshift,AmazonRDS,ap-southeast-1,2025-09-01T00:00:00,2025-09-01T01:00:00,793.44,IOPS,232.71,USD,resource-2054,Project Zeta,alice@company.com,Development
123456789014,123456789015,Amazon S3,AWSCodePipeline,us-west-2,2024-12-01T00:00:00,2024-12-01T19:00:00,675.83,GB,242.48,USD,resource-5430,Data Platform,frank@company.com,Staging
123456789013,123456789015,AWS Lambda,AWSGlue,us-east-1,2025-09-30T00:00:00,2025-09-30T14:00:00,64.05,GB-Month,235.53,USD,resource-1161,Cloud Migration,alice@company.com,Testing
123456789013,123456789015,AWS CodePipeline,AmazonS3,ap-southeast-1,2024-03-04T00:00:00,2024-03-04T23:00:00,480.34,GB-Month,13.1,USD,resource-3854,Project Alpha,frank@company.com,Development
123456789014,123456789012,AWS Glue,AWSGlue,eu-west-1,2026-02-10T00:00:00,2026-02-10T10:00:00,906.88,Hours,312.48,USD,resource-2958,Analytics Hub,frank@company.com,Development
123456789014,123456789013,AWS Glue,AmazonCloudFront,us-west-2,2026-04-14T00:00:00,2026-04-14T13:00:00,797.09,GB-Month,100.33,USD,resource-4820,Project Alpha,charlie@company.com,Development
123456789012,123456789013,AWS Glue,AmazonCloudFront,us-west-2,2024-11-30T00:00:00,2024-11-30T08:00:00,774.27,GB-Month,378.13,USD,resource-8392,Project Zeta,eve@company.com,Development
123456789012,123456789012,Amazon VPC,AmazonDynamoDB,ap-southeast-1,2024-04-28T00:00:00,2024-04-28T14:00:00,84.0,IOPS,223.03,USD,resource-1819,Project Delta,alice@company.com,Development
123456789015,123456789012,Amazon S3,AWSCodePipeline,us-east-1,2026-02-21T00:00:00,2026-02-21T16:00:00,228.77,GBps,400.78,USD,resource-8157,Project Alpha,diana@company.com,Staging
123456789014,123456789013,Amazon Redshift,AmazonS3,us-east-1,2025-11-07T00:00:00,2025-11-07T03:00:00,332.58,Requests,168.6,USD,resource-9592,Project Alpha,bob@company.com,Staging
123456789012,123456789012,Amazon VPC,AmazonRedshift,ap-southeast-1,2025-11-22T00:00:00,2025-11-22T15:00:00,694.7,GB-Month,125.62,USD,resource-6056,Project Alpha,charlie@company.com,Staging
123456789012,123456789014,AWS Lambda,AWSGlue,ap-southeast-1,2025-12-25T00:00:00,2025-12-25T13:00:00,526.89,GBps,95.87,USD,resource-4675,Project Alpha,frank@company.com,Production
123456789015,123456789015,Amazon Redshift,AmazonVPC,eu-west-1,2026-01-28T00:00:00,2026-01-28T13:00:00,813.22,Requests,142.7,USD,resource-2326,Cloud Migration,alice@company.com,Testing
123456789013,123456789014,Amazon Redshift,AWSLambda,us-west-2,2025-11-07T00:00:00,2025-11-07T13:00:00,739.98,GBps,165.07,USD,resource-3948,Project Beta,frank@company.com,Development
123456789013,123456789012,Amazon DynamoDB,AmazonCloudFront,eu-west-1,2026-03-24T00:00:00,2026-03-24T04:00:00,652.8,GBps,152.16,USD,resource-4507,Analytics Hub,charlie@company.com,Testing
123456789014,123456789012,Amazon S3,AWSGlue,us-west-2,2024-02-04T00:00:00,2024-02-04T06:00:00,122.23,IOPS,257.12,USD,resource-7050,Project Zeta,diana@company.com,Development
123456789012,123456789014,Amazon EC2,AmazonRedshift,ap-southeast-1,2025-11-09T00:00:00,2025-11-09T02:00:00,717.61,GB,170.76,USD,resource-2644,DevOps Automation,bob@company.com,Staging
123456789015,123456789013,AWS Glue,AmazonCloudFront,eu-west-1,2026-01-23T00:00:00,2026-01-23T05:00:00,678.29,GB,498.76,USD,resource-9227,DevOps Automation,charlie@company.com,Staging
123456789013,123456789014,AWS Glue,AmazonRDS,eu-west-1,2025-01-11T00:00:00,2025-01-11T14:00:00,237.57,IOPS,145.37,USD,resource-1583,Data Platform,frank@company.com,Staging
123456789014,123456789015,Amazon CloudFront,AmazonCloudFront,ap-southeast-1,2025-05-09T00:00:00,2025-05-10T00:00:00,393.58,GB,446.97,USD,resource-7535,Project Beta,diana@company.com,Development
123456789012,123456789012,Amazon EC2,AmazonVPC,eu-west-1,2025-05-22T00:00:00,2025-05-22T10:00:00,767.19,GB,179.83,USD,resource-8857,DevOps Automation,diana@company.com,Testing
123456789013,123456789012,Amazon RDS,AWSLambda,ap-southeast-1,2024-02-02T00:00:00,2024-02-02T09:00:00,528.6,IOPS,296.91,USD,resource-7584,Project Beta,diana@company.com,Testing
123456789015,123456789013,AWS Glue,AmazonDynamoDB,ap-southeast-1,2024-11-19T00:00:00,2024-11-19T07:00:00,370.46,GBps,301.67,USD,resource-7721,Project Delta,alice@company.com,Staging
